,Mean AUC-ROC,Std AUC-ROC,Min AUC-ROC,Max AUC-ROC
Random Forest,0.9340789377904011,0.03392084497923871,0.888864821816145,0.9653696702373451
Neural Network,0.8810120914610213,0.013755606907701085,0.8625420079815165,0.8994346425820906
Logistic Regression,0.8563956940210418,0.00661259727440203,0.8497114300568378,0.866773436953021
Decision Tree,0.7981736812390565,0.06288005881694843,0.7058055613899975,0.8595102861210296
