Model,Accuracy,Precision,Recall,F1-Score,ROC-AUC
Logistic Regression,0.7395315826827538,0.7986204250551066,0.7395315826827538,0.7533475558520454,0.8457128833087914
Random Forest,0.7735982966643009,0.7737919765127835,0.7735982966643009,0.7736947198147439,0.8234312433800924
Neural Network,0.7388218594748048,0.767621937985116,0.7388218594748048,0.7484813203322712,0.7919527758402438
Decision Tree,0.752306600425834,0.7542335260811657,0.752306600425834,0.753238202973943,0.686034255599473
